Pollux,Blake Lively devait jouer Serena Van der Woodsen dès le départ
Maxenns,Leighton Meester n'a pas été intimidée par le processus d'auditions
Florence,Ed Westwick et Chace Crawford étaient meilleurs amis
Corinne,Badgley et Lively ont gardé leur rupture secrète pendant deux mois (waou incroyable)
Dylan,"Enfaite la Harpie Feroce , c'est un peu le Ho-Oh de Max Il l'a vu une premiere fois ,ça l'a boulversé﻿"
Un boulet lambda,La télévision est un trou noir dans l'espace public, qui spaghettifie les facultés intellectuelles et d'où la lumière ne s'échappe pas.﻿
Un pipo lambda,"Corrélativement à la pluralité qualitative, les personnels concernés doivent concrétiser les potentiels bénéfices."
Pipotronice,"Corrélativement à la pluralité qualitative, les personnels concernés doivent concrétiser les potentiels bénéfices."
Tu lis encore,"Pour optimiser la revalorisation sectorielle, les fournisseurs vont valoriser les potentiels logistiques."
Tu me note bien hien,"Pour externaliser la bulle accélérationnelle, il faut muscler son jeu : prioriser les orientations sources."
(stp),"Pour externaliser la bulle accélérationnelle, il faut muscler son jeu : prioriser les orientations sources."
Jean-luc,"Au moyen d'une dynamique des prestations, il faut intervenir dans les interactions framework."
Reichman (pas evident à écrire),"En phase de montée en charge de la convergence autoporteuse, on doit performer les potentiels métier."
Hiltop Hoods,"Growing up I needed a guide like, a blind veteran's dog,Cause I was going nowhere like a child's letters to god,Though life's road was hard I was never so lost,That I looked for an answer in a medicine box,"
Maxime,"Perpendiculairement à la transversalité autoporteuse, les acteurs du secteur vont prioriser les challenges framework."
Kurt,"En termes de process, concernant une globalisation porteuse, les décideurs doivent coacher les sourcing compétitivité."
Un mec qui vole,"Répliquant à la transversalité conjoncturelle, les bonnes pratiques consistent à solutionner les expertises back-office."
L'écureuil volant,"Pour intégrer la mutation globalisante, les personnels concernés doivent segmenter les territoires à forte valeur ajoutée."
